u;kgen_kernel;1;69713400
u;kgen_kernel;1;69780427
u;kgen_kernel;1;69768187
u;kgen_kernel;1;69636926
u;kgen_kernel;1;69711980
u;kgen_kernel;1;69536653
u;kgen_kernel;1;69643740
u;kgen_kernel;1;69678834
u;kgen_kernel;1;69581833
u;kgen_kernel;1;69746723
u;kgen_kernel;1;69737267
u;kgen_kernel;1;69696930
u;kgen_kernel;1;69690237
u;kgen_kernel;1;69670733
u;kgen_kernel;1;69895577
u;kgen_kernel;1;69855713
u;kgen_kernel;1;69801150
u;kgen_kernel;1;69823980
u;kgen_kernel;1;69689810
u;kgen_kernel;1;69752960
u;kgen_kernel;1;69697106
u;kgen_kernel;1;68844020
u;kgen_kernel;1;68749453
u;kgen_kernel;1;68678663
u;kgen_kernel;1;68742687
u;kgen_kernel;1;68654790
u;kgen_kernel;1;68709147
u;kgen_kernel;1;68690267
u;kgen_kernel;1;67083960
u;kgen_kernel;1;67207937
u;kgen_kernel;1;67151113
u;kgen_kernel;1;67188516
u;kgen_kernel;1;67115630
u;kgen_kernel;1;67205460
u;kgen_kernel;1;67184800
u;kgen_kernel;1;68678560
u;kgen_kernel;1;67391363
u;kgen_kernel;1;67178356
u;kgen_kernel;1;67196290
u;kgen_kernel;1;67140257
u;kgen_kernel;1;67174280
u;kgen_kernel;1;67067927
u;kgen_kernel;1;67099670
u;kgen_kernel;1;67052963
u;kgen_kernel;1;67199186
u;kgen_kernel;1;67083340
u;kgen_kernel;1;67162183
u;kgen_kernel;1;67219996
u;kgen_kernel;1;67200534
u;kgen_kernel;1;67162713
u;kgen_kernel;1;67055524
u;kgen_kernel;1;67170673
u;kgen_kernel;1;67086894
u;kgen_kernel;1;68759920
u;kgen_kernel;1;68726314
u;kgen_kernel;1;68647940
u;kgen_kernel;1;68724724
u;kgen_kernel;1;68647290
u;kgen_kernel;1;68665027
u;kgen_kernel;1;68674173
u;kgen_kernel;1;67164286
u;kgen_kernel;1;67194540
u;kgen_kernel;1;67174027
u;kgen_kernel;1;67138300
u;kgen_kernel;1;67042303
u;kgen_kernel;1;67132590
u;kgen_kernel;1;67248196
u;kgen_kernel;1;67298273
u;kgen_kernel;1;67148387
u;kgen_kernel;1;67144554
u;kgen_kernel;1;67076934
u;kgen_kernel;1;67117273
u;kgen_kernel;1;67109977
u;kgen_kernel;1;67010600
u;kgen_kernel;1;67105470
u;kgen_kernel;1;67085556
u;kgen_kernel;1;67095617
u;kgen_kernel;1;67042270
u;kgen_kernel;1;67086503
u;kgen_kernel;1;67159260
u;kgen_kernel;1;67132416
u;kgen_kernel;1;67147423
u;kgen_kernel;1;67095180
u;kgen_kernel;1;67113617
u;kgen_kernel;1;67085490
u;kgen_kernel;1;67158396
u;kgen_kernel;1;67071954
u;kgen_kernel;1;67111517
u;kgen_kernel;1;67046760
u;kgen_kernel;1;67284376
u;kgen_kernel;1;67284423
u;kgen_kernel;1;67291126
u;kgen_kernel;1;67206440
u;kgen_kernel;1;67218886
u;kgen_kernel;1;67230577
u;kgen_kernel;1;67122366
u;kgen_kernel;1;67220863
u;kgen_kernel;1;67242886
u;kgen_kernel;1;67298127
u;kgen_kernel;1;67265353
u;kgen_kernel;1;67252990
u;kgen_kernel;1;68985170
u;kgen_kernel;1;68822983
u;kgen_kernel;1;68846560
u;kgen_kernel;1;68814583
u;kgen_kernel;1;68781010
u;kgen_kernel;1;68781417
u;kgen_kernel;1;68676503
u;kgen_kernel;1;67110463
u;kgen_kernel;1;67066800
u;kgen_kernel;1;67221140
u;kgen_kernel;1;67212930
u;kgen_kernel;1;67229573
u;kgen_kernel;1;67113400
u;kgen_kernel;1;67253044
u;kgen_kernel;1;67099027
u;kgen_kernel;1;67267063
u;kgen_kernel;1;67332236
u;kgen_kernel;1;67196570
u;kgen_kernel;1;67221170
u;kgen_kernel;1;67233266
u;kgen_kernel;1;67178287
u;kgen_kernel;1;67094856
u;kgen_kernel;1;67154200
u;kgen_kernel;1;67054080
u;kgen_kernel;1;67243593
u;kgen_kernel;1;67203550
u;kgen_kernel;1;67131553
u;kgen_kernel;1;67102467
u;kgen_kernel;1;67081043
u;kgen_kernel;1;67163614
u;kgen_kernel;1;67178100
u;kgen_kernel;1;67178337
u;kgen_kernel;1;67075043
u;kgen_kernel;1;67135000
u;kgen_kernel;1;67181870
u;kgen_kernel;1;67094903
u;kgen_kernel;1;67194300
u;kgen_kernel;1;67170383
u;kgen_kernel;1;67211160
u;kgen_kernel;1;67176214
u;kgen_kernel;1;67188390
u;kgen_kernel;1;67029654
u;kgen_kernel;1;67200417
u;kgen_kernel;1;68515484
u;kgen_kernel;1;67372943
u;kgen_kernel;1;67209237
u;kgen_kernel;1;67232393
u;kgen_kernel;1;67276570
u;kgen_kernel;1;67174936
u;kgen_kernel;1;67095247
u;kgen_kernel;1;67053403
u;kgen_kernel;1;67099020
u;kgen_kernel;1;67061863
u;kgen_kernel;1;67101610
u;kgen_kernel;1;67045550
u;kgen_kernel;1;67017823
u;kgen_kernel;1;67174547
u;kgen_kernel;1;67169960
u;kgen_kernel;1;67171530
u;kgen_kernel;1;67120110
u;kgen_kernel;1;67147540
u;kgen_kernel;1;67214463
u;kgen_kernel;1;67236550
u;kgen_kernel;1;67191584
u;kgen_kernel;1;67225930
u;kgen_kernel;1;67105256
u;kgen_kernel;1;67106304
u;kgen_kernel;1;67174153
u;kgen_kernel;1;67062726
u;kgen_kernel;1;67064750
u;kgen_kernel;1;67047706
u;kgen_kernel;1;67143297
u;kgen_kernel;1;67069893
u;kgen_kernel;1;67109740
u;kgen_kernel;1;67210274
u;kgen_kernel;1;67101717
u;kgen_kernel;1;67200400
u;kgen_kernel;1;67312810
u;kgen_kernel;1;67234750
u;kgen_kernel;1;67194713
u;kgen_kernel;1;67253593
u;kgen_kernel;1;67278873
u;kgen_kernel;1;67233703
u;kgen_kernel;1;67175790
u;kgen_kernel;1;67135490
u;kgen_kernel;1;67095150
u;kgen_kernel;1;68701764
u;kgen_kernel;1;68744507
u;kgen_kernel;1;69069634
u;kgen_kernel;1;68945300
u;kgen_kernel;1;68832067
u;kgen_kernel;1;68776153
u;kgen_kernel;1;68762704
u;kgen_kernel;1;68759930
u;kgen_kernel;1;67377720
u;kgen_kernel;1;67187063
u;kgen_kernel;1;67211923
u;kgen_kernel;1;67143477
u;kgen_kernel;1;67083093
u;kgen_kernel;1;67163383
u;kgen_kernel;1;67093400
u;kgen_kernel;1;67075273
u;kgen_kernel;1;67043173
u;kgen_kernel;1;67167393
u;kgen_kernel;1;67042627
u;kgen_kernel;1;67119763
u;kgen_kernel;1;67035790
u;kgen_kernel;1;67102364
u;kgen_kernel;1;67212644
u;kgen_kernel;1;67093897
u;kgen_kernel;1;68941327
u;kgen_kernel;1;67986557
u;kgen_kernel;1;68003536
u;kgen_kernel;1;67830433
u;kgen_kernel;1;67806390
u;kgen_kernel;1;67806403
u;kgen_kernel;1;67819197
u;kgen_kernel;1;67795284
u;kgen_kernel;1;67722493
u;kgen_kernel;1;67745200
u;kgen_kernel;1;69463217
u;kgen_kernel;1;69623216
u;kgen_kernel;1;69536833
u;kgen_kernel;1;69468010
u;kgen_kernel;1;69467463
u;kgen_kernel;1;69405543
u;kgen_kernel;1;67613957
u;kgen_kernel;1;67517886
u;kgen_kernel;1;67587460
u;kgen_kernel;1;67557296
u;kgen_kernel;1;67545623
u;kgen_kernel;1;67608836
u;kgen_kernel;1;67514833
u;kgen_kernel;1;67489976
u;kgen_kernel;1;67414740
u;kgen_kernel;1;67441130
u;kgen_kernel;1;67418233
u;kgen_kernel;1;67397840
u;kgen_kernel;1;67534937
u;kgen_kernel;1;67414770
u;kgen_kernel;1;67551304
u;kgen_kernel;1;67453050
u;kgen_kernel;1;67382373
u;kgen_kernel;1;67423037
u;kgen_kernel;1;67508616
u;kgen_kernel;1;67458550
u;kgen_kernel;1;67432747
u;kgen_kernel;1;67403670
u;kgen_kernel;1;67382970
u;kgen_kernel;1;67639906
u;kgen_kernel;1;67500233
u;kgen_kernel;1;67566903
u;kgen_kernel;1;67545590
u;kgen_kernel;1;67538097
u;kgen_kernel;1;67482583
u;kgen_kernel;1;67432194
u;kgen_kernel;1;67417710
u;kgen_kernel;1;67488446
u;kgen_kernel;1;67616387
u;kgen_kernel;1;67472643
u;kgen_kernel;1;67484236
u;kgen_kernel;1;67454207
u;kgen_kernel;1;67450460
u;kgen_kernel;1;67478510
u;kgen_kernel;1;67390860
u;kgen_kernel;1;67532673
u;kgen_kernel;1;67541790
u;kgen_kernel;1;67631120
u;kgen_kernel;1;67516267
u;kgen_kernel;1;67397470
u;kgen_kernel;1;67259320
u;kgen_kernel;1;67073576
u;kgen_kernel;1;67180246
u;kgen_kernel;1;67042870
u;kgen_kernel;1;67125334
u;kgen_kernel;1;67101663
u;kgen_kernel;1;67142347
u;kgen_kernel;1;67059650
u;kgen_kernel;1;67097903
u;kgen_kernel;1;67044164
u;kgen_kernel;1;65504593
u;kgen_kernel;1;65428586
u;kgen_kernel;1;65494013
u;kgen_kernel;1;65398220
u;kgen_kernel;1;65476850
u;kgen_kernel;1;65622077
u;kgen_kernel;1;65587513
u;kgen_kernel;1;65585524
u;kgen_kernel;1;65508494
u;kgen_kernel;1;65660086
u;kgen_kernel;1;65582947
u;kgen_kernel;1;65667186
u;kgen_kernel;1;65588457
u;kgen_kernel;1;65561597
u;kgen_kernel;1;65477430
u;kgen_kernel;1;65529223
u;kgen_kernel;1;65460707
u;kgen_kernel;1;65475157
u;kgen_kernel;1;65481897
u;kgen_kernel;1;65488790
u;kgen_kernel;1;67098084
u;kgen_kernel;1;67072614
u;kgen_kernel;1;67062413
u;kgen_kernel;1;67229800
u;kgen_kernel;1;67146327
u;kgen_kernel;1;67217037
u;kgen_kernel;1;67128113
u;kgen_kernel;1;67105173
u;kgen_kernel;1;67159830
u;kgen_kernel;1;67106913
u;kgen_kernel;1;67143910
u;kgen_kernel;1;67114077
u;kgen_kernel;1;67083450
u;kgen_kernel;1;67054614
u;kgen_kernel;1;67104236
u;kgen_kernel;1;68056406
u;kgen_kernel;1;69794300
u;kgen_kernel;1;69573094
u;kgen_kernel;1;69240353
u;kgen_kernel;1;69112456
u;kgen_kernel;1;68885667
u;kgen_kernel;1;68907083
u;kgen_kernel;1;67326083
u;kgen_kernel;1;67324900
u;kgen_kernel;1;67283174
u;kgen_kernel;1;67195570
u;kgen_kernel;1;67212613
u;kgen_kernel;1;67151637
u;kgen_kernel;1;67185324
u;kgen_kernel;1;68561200
u;kgen_kernel;1;67516223
u;kgen_kernel;1;67356796
u;kgen_kernel;1;67183967
u;kgen_kernel;1;67224593
u;kgen_kernel;1;67185360
u;kgen_kernel;1;67202073
u;kgen_kernel;1;67126973
u;kgen_kernel;1;67234923
u;kgen_kernel;1;67082657
u;kgen_kernel;1;67118734
u;kgen_kernel;1;67324047
u;kgen_kernel;1;67128257
u;kgen_kernel;1;67180090
u;kgen_kernel;1;67109796
u;kgen_kernel;1;67077600
u;kgen_kernel;1;67030110
u;kgen_kernel;1;67099940
u;kgen_kernel;1;67042957
u;kgen_kernel;1;67090776
u;kgen_kernel;1;67519777
u;kgen_kernel;1;67481830
u;kgen_kernel;1;67339027
u;kgen_kernel;1;67291540
u;kgen_kernel;1;67300270
u;kgen_kernel;1;67308150
u;kgen_kernel;1;67251220
u;kgen_kernel;1;67247930
u;kgen_kernel;1;67340403
u;kgen_kernel;1;67215187
u;kgen_kernel;1;67184437
u;kgen_kernel;1;67266050
u;kgen_kernel;1;67145703
u;kgen_kernel;1;67148583
u;kgen_kernel;1;67117170
u;kgen_kernel;1;67207583
u;kgen_kernel;1;67132656
u;kgen_kernel;1;68769190
u;kgen_kernel;1;68854517
u;kgen_kernel;1;68789616
u;kgen_kernel;1;68831783
u;kgen_kernel;1;68745417
u;kgen_kernel;1;67149564
u;kgen_kernel;1;67140027
u;kgen_kernel;1;67230803
u;kgen_kernel;1;67187904
u;kgen_kernel;1;67144310
u;kgen_kernel;1;67123776
u;kgen_kernel;1;67103627
u;kgen_kernel;1;67092874
u;kgen_kernel;1;67077060
u;kgen_kernel;1;67165393
u;kgen_kernel;1;67178244
u;kgen_kernel;1;67231404
u;kgen_kernel;1;67165390
u;kgen_kernel;1;67140816
u;kgen_kernel;1;67206560
u;kgen_kernel;1;67141167
u;kgen_kernel;1;67283124
u;kgen_kernel;1;67196396
u;kgen_kernel;1;67155456
u;kgen_kernel;1;67134476
u;kgen_kernel;1;67154200
u;kgen_kernel;1;67132254
u;kgen_kernel;1;67155493
u;kgen_kernel;1;67141260
u;kgen_kernel;1;67123234
u;kgen_kernel;1;67167090
u;kgen_kernel;1;67188590
u;kgen_kernel;1;67133977
u;kgen_kernel;1;65486930
u;kgen_kernel;1;65460536
u;kgen_kernel;1;65572230
u;kgen_kernel;1;65519600
u;kgen_kernel;1;65533513
u;kgen_kernel;1;65505373
u;kgen_kernel;1;65578970
u;kgen_kernel;1;65600990
u;kgen_kernel;1;65557250
u;kgen_kernel;1;65483817
u;kgen_kernel;1;65496090
u;kgen_kernel;1;65722460
u;kgen_kernel;1;65722370
u;kgen_kernel;1;65649423
u;kgen_kernel;1;65533177
u;kgen_kernel;1;65785104
u;kgen_kernel;1;65709400
u;kgen_kernel;1;65586333
u;kgen_kernel;1;65520746
u;kgen_kernel;1;65565030
u;kgen_kernel;1;65565620
u;kgen_kernel;1;65594733
u;kgen_kernel;1;65637106
u;kgen_kernel;1;65544350
u;kgen_kernel;1;65608654
u;kgen_kernel;1;65512776
u;kgen_kernel;1;65549390
u;kgen_kernel;1;65450903
u;kgen_kernel;1;65500636
u;kgen_kernel;1;65421570
u;kgen_kernel;1;65449723
u;kgen_kernel;1;65559676
u;kgen_kernel;1;65556633
u;kgen_kernel;1;65547990
u;kgen_kernel;1;65728940
u;kgen_kernel;1;65655683
u;kgen_kernel;1;65651837
u;kgen_kernel;1;65567357
u;kgen_kernel;1;65717116
u;kgen_kernel;1;65645100
u;kgen_kernel;1;65660937
u;kgen_kernel;1;65535614
u;kgen_kernel;1;65506317
u;kgen_kernel;1;65474936
u;kgen_kernel;1;65501467
u;kgen_kernel;1;65470460
u;kgen_kernel;1;65463310
u;kgen_kernel;1;65532790
u;kgen_kernel;1;65696787
u;kgen_kernel;1;65676783
u;kgen_kernel;1;65581410
u;kgen_kernel;1;65572910
u;kgen_kernel;1;65597163
u;kgen_kernel;1;65500550
u;kgen_kernel;1;65680240
u;kgen_kernel;1;65555116
u;kgen_kernel;1;65599674
u;kgen_kernel;1;65486247
u;kgen_kernel;1;65017186
u;kgen_kernel;1;64965156
u;kgen_kernel;1;64905870
u;kgen_kernel;1;64907070
u;kgen_kernel;1;64835124
u;kgen_kernel;1;64868463
u;kgen_kernel;1;64929467
u;kgen_kernel;1;64813000
u;kgen_kernel;1;64727874
u;kgen_kernel;1;64691910
u;kgen_kernel;1;64764863
u;kgen_kernel;1;64784393
u;kgen_kernel;1;64767543
u;kgen_kernel;1;64665816
u;kgen_kernel;1;64778863
u;kgen_kernel;1;64719740
u;kgen_kernel;1;64732857
u;kgen_kernel;1;64694000
u;kgen_kernel;1;64696097
u;kgen_kernel;1;66271647
u;kgen_kernel;1;64864580
u;kgen_kernel;1;64770953
u;kgen_kernel;1;64780420
u;kgen_kernel;1;64907574
u;kgen_kernel;1;64925950
u;kgen_kernel;1;64824597
u;kgen_kernel;1;64833213
u;kgen_kernel;1;64753993
u;kgen_kernel;1;64801873
u;kgen_kernel;1;66475054
u;kgen_kernel;1;66418333
u;kgen_kernel;1;66435063
u;kgen_kernel;1;66479006
u;kgen_kernel;1;66457853
u;kgen_kernel;1;66407610
u;kgen_kernel;1;66411220
u;kgen_kernel;1;66333836
u;kgen_kernel;1;66363140
u;kgen_kernel;1;66286853
u;kgen_kernel;1;66406900
u;kgen_kernel;1;66309477
u;kgen_kernel;1;66790120
u;kgen_kernel;1;66820473
u;kgen_kernel;1;66784167
u;kgen_kernel;1;66760260
u;kgen_kernel;1;66730780
u;kgen_kernel;1;66689203
u;kgen_kernel;1;66687577
u;kgen_kernel;1;66694360
u;kgen_kernel;1;66673100
u;kgen_kernel;1;66670250
u;kgen_kernel;1;66574564
u;kgen_kernel;1;66602657
u;kgen_kernel;1;66613563
u;kgen_kernel;1;66645630
u;kgen_kernel;1;66621490
u;kgen_kernel;1;66795233
u;kgen_kernel;1;66738537
u;kgen_kernel;1;66657417
u;kgen_kernel;1;66626626
u;kgen_kernel;1;66599123
u;kgen_kernel;1;66696570
u;kgen_kernel;1;66677220
u;kgen_kernel;1;66716134
u;kgen_kernel;1;66687860
u;kgen_kernel;1;66718613
u;kgen_kernel;1;66695876
u;kgen_kernel;1;66671373
u;kgen_kernel;1;66624447
u;kgen_kernel;1;66610960
u;kgen_kernel;1;66561130
u;kgen_kernel;1;66694050
u;kgen_kernel;1;66667733
u;kgen_kernel;1;66641777
u;kgen_kernel;1;66619593
u;kgen_kernel;1;66621497
u;kgen_kernel;1;66673656
u;kgen_kernel;1;66615463
u;kgen_kernel;1;66608984
u;kgen_kernel;1;66666950
u;kgen_kernel;1;66705820
u;kgen_kernel;1;66689784
u;kgen_kernel;1;66622970
u;kgen_kernel;1;66550977
u;kgen_kernel;1;66619277
u;kgen_kernel;1;65002767
u;kgen_kernel;1;64981760
u;kgen_kernel;1;65047743
u;kgen_kernel;1;65193896
u;kgen_kernel;1;65280080
u;kgen_kernel;1;65073140
u;kgen_kernel;1;65039633
u;kgen_kernel;1;65021633
u;kgen_kernel;1;65082966
u;kgen_kernel;1;65102254
u;kgen_kernel;1;65216713
u;kgen_kernel;1;65034247
u;kgen_kernel;1;65039444
u;kgen_kernel;1;65078817
u;kgen_kernel;1;65012537
u;kgen_kernel;1;64989167
u;kgen_kernel;1;65047737
u;kgen_kernel;1;64948753
u;kgen_kernel;1;65014780
u;kgen_kernel;1;65053030
u;kgen_kernel;1;65072123
u;kgen_kernel;1;64936717
u;kgen_kernel;1;65088020
u;kgen_kernel;1;64998650
u;kgen_kernel;1;65087283
u;kgen_kernel;1;65010506
u;kgen_kernel;1;64995360
u;kgen_kernel;1;65007813
u;kgen_kernel;1;65140273
u;kgen_kernel;1;65065054
u;kgen_kernel;1;65041113
u;kgen_kernel;1;64958370
u;kgen_kernel;1;65067927
u;kgen_kernel;1;64934127
u;kgen_kernel;1;65231834
u;kgen_kernel;1;65099873
u;kgen_kernel;1;65143323
u;kgen_kernel;1;65061960
u;kgen_kernel;1;65129460
u;kgen_kernel;1;66656036
u;kgen_kernel;1;66590440
u;kgen_kernel;1;66603393
u;kgen_kernel;1;66757927
u;kgen_kernel;1;65055060
u;kgen_kernel;1;65107490
u;kgen_kernel;1;66630090
u;kgen_kernel;1;66658606
u;kgen_kernel;1;66595707
u;kgen_kernel;1;66650013
u;kgen_kernel;1;66589840
u;kgen_kernel;1;66621187
u;kgen_kernel;1;66610276
u;kgen_kernel;1;66793114
u;kgen_kernel;1;66772407
u;kgen_kernel;1;66747103
u;kgen_kernel;1;66778393
u;kgen_kernel;1;66740554
u;kgen_kernel;1;66805964
u;kgen_kernel;1;66647840
u;kgen_kernel;1;66685917
u;kgen_kernel;1;66637223
u;kgen_kernel;1;66694993
u;kgen_kernel;1;66663887
u;kgen_kernel;1;66613220
u;kgen_kernel;1;66608006
u;kgen_kernel;1;66599646
u;kgen_kernel;1;66644873
u;kgen_kernel;1;66509967
u;kgen_kernel;1;66676053
u;kgen_kernel;1;66637016
u;kgen_kernel;1;66761653
u;kgen_kernel;1;66655293
u;kgen_kernel;1;66730373
u;kgen_kernel;1;66717727
u;kgen_kernel;1;66725526
u;kgen_kernel;1;66772680
u;kgen_kernel;1;66757070
u;kgen_kernel;1;66758110
u;kgen_kernel;1;66812927
u;kgen_kernel;1;66704454
u;kgen_kernel;1;66695367
u;kgen_kernel;1;66697046
u;kgen_kernel;1;66611563
u;kgen_kernel;1;66674693
u;kgen_kernel;1;66617400
u;kgen_kernel;1;66680907
u;kgen_kernel;1;66540003
u;kgen_kernel;1;68237333
u;kgen_kernel;1;68415007
u;kgen_kernel;1;68336316
u;kgen_kernel;1;66701680
u;kgen_kernel;1;66600710
u;kgen_kernel;1;66640526
u;kgen_kernel;1;66648423
u;kgen_kernel;1;66699233
u;kgen_kernel;1;66652827
u;kgen_kernel;1;66668793
u;kgen_kernel;1;66568787
u;kgen_kernel;1;66655447
u;kgen_kernel;1;66671567
u;kgen_kernel;1;66550730
u;kgen_kernel;1;66658504
u;kgen_kernel;1;66699420
u;kgen_kernel;1;67015983
u;kgen_kernel;1;66953277
u;kgen_kernel;1;66923014
u;kgen_kernel;1;66859590
u;kgen_kernel;1;67037437
u;kgen_kernel;1;68273147
u;kgen_kernel;1;67247150
u;kgen_kernel;1;67090770
u;kgen_kernel;1;67049823
u;kgen_kernel;1;66942410
u;kgen_kernel;1;66896780
u;kgen_kernel;1;66886023
u;kgen_kernel;1;66841736
u;kgen_kernel;1;66952206
u;kgen_kernel;1;67156150
u;kgen_kernel;1;67002417
u;kgen_kernel;1;66912110
u;kgen_kernel;1;67069913
u;kgen_kernel;1;66870383
u;kgen_kernel;1;66999440
u;kgen_kernel;1;65317924
u;kgen_kernel;1;65262064
u;kgen_kernel;1;65334267
u;kgen_kernel;1;65338573
u;kgen_kernel;1;65274557
u;kgen_kernel;1;65277644
u;kgen_kernel;1;65288623
u;kgen_kernel;1;65369684
u;kgen_kernel;1;65420120
u;kgen_kernel;1;65277313
u;kgen_kernel;1;65326487
u;kgen_kernel;1;65351404
u;kgen_kernel;1;65355640
u;kgen_kernel;1;65256370
u;kgen_kernel;1;65321993
u;kgen_kernel;1;65169707
u;kgen_kernel;1;65313134
u;kgen_kernel;1;65650523
u;kgen_kernel;1;65698473
u;kgen_kernel;1;65464266
u;kgen_kernel;1;64057310
u;kgen_kernel;1;64018657
u;kgen_kernel;1;64051276
u;kgen_kernel;1;65310726
u;kgen_kernel;1;65383730
u;kgen_kernel;1;65214037
u;kgen_kernel;1;65306880
u;kgen_kernel;1;65339557
u;kgen_kernel;1;65395880
u;kgen_kernel;1;65391336
u;kgen_kernel;1;65367813
u;kgen_kernel;1;65327894
u;kgen_kernel;1;65399607
u;kgen_kernel;1;65350120
u;kgen_kernel;1;65298470
u;kgen_kernel;1;65272520
u;kgen_kernel;1;65404423
u;kgen_kernel;1;65330563
u;kgen_kernel;1;65307940
u;kgen_kernel;1;65209136
u;kgen_kernel;1;65302087
u;kgen_kernel;1;65355260
u;kgen_kernel;1;65341873
u;kgen_kernel;1;65375473
u;kgen_kernel;1;65314603
u;kgen_kernel;1;65317954
u;kgen_kernel;1;65235630
u;kgen_kernel;1;65317973
u;kgen_kernel;1;65269993
u;kgen_kernel;1;65297143
u;kgen_kernel;1;65221410
u;kgen_kernel;1;65266590
u;kgen_kernel;1;65257456
u;kgen_kernel;1;65250916
u;kgen_kernel;1;65235807
u;kgen_kernel;1;65260820
u;kgen_kernel;1;65353780
u;kgen_kernel;1;65263587
u;kgen_kernel;1;65180817
u;kgen_kernel;1;65258030
u;kgen_kernel;1;65274473
u;kgen_kernel;1;65327890
u;kgen_kernel;1;65247823
u;kgen_kernel;1;65272010
u;kgen_kernel;1;65175447
u;kgen_kernel;1;65256383
u;kgen_kernel;1;65180463
u;kgen_kernel;1;65246383
u;kgen_kernel;1;65148990
u;kgen_kernel;1;65330390
u;kgen_kernel;1;65311254
u;kgen_kernel;1;65303937
u;kgen_kernel;1;65223737
u;kgen_kernel;1;65324580
u;kgen_kernel;1;65302303
u;kgen_kernel;1;65449373
u;kgen_kernel;1;65291216
u;kgen_kernel;1;65296443
u;kgen_kernel;1;65430423
u;kgen_kernel;1;65429850
u;kgen_kernel;1;65487360
u;kgen_kernel;1;65340614
u;kgen_kernel;1;65313427
u;kgen_kernel;1;65271420
u;kgen_kernel;1;65268464
u;kgen_kernel;1;65325270
u;kgen_kernel;1;65214827
u;kgen_kernel;1;65329413
u;kgen_kernel;1;65383933
u;kgen_kernel;1;65347677
u;kgen_kernel;1;65306990
u;kgen_kernel;1;65298133
u;kgen_kernel;1;65305536
u;kgen_kernel;1;65341800
u;kgen_kernel;1;65410426
u;kgen_kernel;1;65552276
u;kgen_kernel;1;65417540
u;kgen_kernel;1;65354227
u;kgen_kernel;1;65253090
u;kgen_kernel;1;65284014
u;kgen_kernel;1;65214870
u;kgen_kernel;1;65236907
u;kgen_kernel;1;65338690
u;kgen_kernel;1;65324503
u;kgen_kernel;1;65352493
u;kgen_kernel;1;65273313
u;kgen_kernel;1;65223153
u;kgen_kernel;1;65306590
u;kgen_kernel;1;65422524
u;kgen_kernel;1;65335440
u;kgen_kernel;1;65378760
u;kgen_kernel;1;65278537
u;kgen_kernel;1;65325480
u;kgen_kernel;1;65266167
u;kgen_kernel;1;65271177
u;kgen_kernel;1;65195293
u;kgen_kernel;1;65231043
u;kgen_kernel;1;65224613
u;kgen_kernel;1;66943493
u;kgen_kernel;1;66856434
u;kgen_kernel;1;65286293
u;kgen_kernel;1;65231274
u;kgen_kernel;1;65284194
u;kgen_kernel;1;65274376
u;kgen_kernel;1;65281877
u;kgen_kernel;1;65166457
u;kgen_kernel;1;65311987
u;kgen_kernel;1;65278673
u;kgen_kernel;1;65245876
u;kgen_kernel;1;65266020
u;kgen_kernel;1;65313860
e;kgen_kernel;1;195884188
e;kgen_kernel;1;127708379
e;kgen_kernel;1;104482385
e;kgen_kernel;1;92312395
e;kgen_kernel;1;89869813
e;kgen_kernel;1;89786457
e;kgen_kernel;1;89681250
e;kgen_kernel;1;87923696
e;kgen_kernel;1;87960487
e;kgen_kernel;1;88015806
e;kgen_kernel;1;87831297
e;kgen_kernel;1;87696350
e;kgen_kernel;1;87563513
e;kgen_kernel;1;87615490
e;kgen_kernel;1;87479574
e;kgen_kernel;1;87480944
e;kgen_kernel;1;86041947
e;kgen_kernel;1;87556036
e;kgen_kernel;1;87433937
e;kgen_kernel;1;87537140
e;kgen_kernel;1;87470396
e;kgen_kernel;1;87530250
e;kgen_kernel;1;87493973
e;kgen_kernel;1;87412746
e;kgen_kernel;1;85800660
e;kgen_kernel;1;85791817
e;kgen_kernel;1;85812310
e;kgen_kernel;1;84198607
e;kgen_kernel;1;84144507
e;kgen_kernel;1;84146727
e;kgen_kernel;1;84227663
e;kgen_kernel;1;85954030
e;kgen_kernel;1;85745627
e;kgen_kernel;1;85788790
e;kgen_kernel;1;85858667
e;kgen_kernel;1;85730800
e;kgen_kernel;1;87316290
e;kgen_kernel;1;87305426
e;kgen_kernel;1;85624410
e;kgen_kernel;1;85622613
e;kgen_kernel;1;85685416
e;kgen_kernel;1;87469033
e;kgen_kernel;1;85746670
e;kgen_kernel;1;85780826
e;kgen_kernel;1;85696770
e;kgen_kernel;1;85815146
e;kgen_kernel;1;85731183
e;kgen_kernel;1;84288986
e;kgen_kernel;1;84153310
e;kgen_kernel;1;84169443
e;kgen_kernel;1;84043430
e;kgen_kernel;1;84028090
e;kgen_kernel;1;84038356
e;kgen_kernel;1;84055420
e;kgen_kernel;1;84046200
e;kgen_kernel;1;84067926
e;kgen_kernel;1;84124196
e;kgen_kernel;1;82404064
e;kgen_kernel;1;82417323
e;kgen_kernel;1;82410076
e;kgen_kernel;1;82444094
e;kgen_kernel;1;82426320
e;kgen_kernel;1;82381080
e;kgen_kernel;1;82397427
e;kgen_kernel;1;82599380
e;kgen_kernel;1;79204167
e;kgen_kernel;1;79177044
e;kgen_kernel;1;79161277
e;kgen_kernel;1;79088534
e;kgen_kernel;1;79045037
e;kgen_kernel;1;77474273
e;kgen_kernel;1;77498187
e;kgen_kernel;1;77494497
e;kgen_kernel;1;79196416
e;kgen_kernel;1;79098147
e;kgen_kernel;1;79075253
e;kgen_kernel;1;79103533
e;kgen_kernel;1;79103027
e;kgen_kernel;1;79007987
e;kgen_kernel;1;79139704
e;kgen_kernel;1;82092723
e;kgen_kernel;1;79740734
e;kgen_kernel;1;79670800
e;kgen_kernel;1;79725343
e;kgen_kernel;1;78165090
e;kgen_kernel;1;76414847
e;kgen_kernel;1;76376570
e;kgen_kernel;1;74823593
e;kgen_kernel;1;74674977
e;kgen_kernel;1;74677013
e;kgen_kernel;1;74580530
e;kgen_kernel;1;74521650
e;kgen_kernel;1;74495116
e;kgen_kernel;1;76210773
e;kgen_kernel;1;76170807
e;kgen_kernel;1;76298183
e;kgen_kernel;1;76343244
e;kgen_kernel;1;76356694
e;kgen_kernel;1;76314666
e;kgen_kernel;1;76292197
e;kgen_kernel;1;77638760
e;kgen_kernel;1;73303783
e;kgen_kernel;1;73207570
e;kgen_kernel;1;73096863
e;kgen_kernel;1;73128873
e;kgen_kernel;1;73000150
e;kgen_kernel;1;73034977
e;kgen_kernel;1;72945853
e;kgen_kernel;1;71363997
e;kgen_kernel;1;71366523
e;kgen_kernel;1;71283093
e;kgen_kernel;1;71365883
e;kgen_kernel;1;71398913
e;kgen_kernel;1;71401747
e;kgen_kernel;1;71380017
e;kgen_kernel;1;71329683
e;kgen_kernel;1;70356370
e;kgen_kernel;1;72013423
e;kgen_kernel;1;72093407
e;kgen_kernel;1;72079327
e;kgen_kernel;1;72009467
e;kgen_kernel;1;72090054
e;kgen_kernel;1;72177696
e;kgen_kernel;1;72152887
e;kgen_kernel;1;72154784
e;kgen_kernel;1;72134390
e;kgen_kernel;1;70457576
e;kgen_kernel;1;63831844
e;kgen_kernel;1;63735653
e;kgen_kernel;1;63730444
e;kgen_kernel;1;63654013
e;kgen_kernel;1;63638787
e;kgen_kernel;1;63621553
e;kgen_kernel;1;63697810
e;kgen_kernel;1;63618080
e;kgen_kernel;1;63593020
e;kgen_kernel;1;63705950
e;kgen_kernel;1;63680856
e;kgen_kernel;1;63707630
e;kgen_kernel;1;63754090
e;kgen_kernel;1;63658643
e;kgen_kernel;1;63652514
e;kgen_kernel;1;63643173
e;kgen_kernel;1;63720767
e;kgen_kernel;1;63665300
e;kgen_kernel;1;63612310
e;kgen_kernel;1;63622053
e;kgen_kernel;1;63640057
e;kgen_kernel;1;63721567
e;kgen_kernel;1;63570300
e;kgen_kernel;1;63596320
e;kgen_kernel;1;63594917
e;kgen_kernel;1;63755534
e;kgen_kernel;1;63685377
e;kgen_kernel;1;63655944
e;kgen_kernel;1;63660327
e;kgen_kernel;1;63620507
e;kgen_kernel;1;63722977
e;kgen_kernel;1;63721094
e;kgen_kernel;1;63750573
e;kgen_kernel;1;63686557
e;kgen_kernel;1;63746553
e;kgen_kernel;1;63671507
e;kgen_kernel;1;63692413
e;kgen_kernel;1;63601033
e;kgen_kernel;1;63650427
e;kgen_kernel;1;63578167
e;kgen_kernel;1;63634136
e;kgen_kernel;1;63773124
e;kgen_kernel;1;63652806
e;kgen_kernel;1;63685750
e;kgen_kernel;1;63626477
e;kgen_kernel;1;63615297
e;kgen_kernel;1;63627617
e;kgen_kernel;1;63628247
e;kgen_kernel;1;63592260
e;kgen_kernel;1;63659180
e;kgen_kernel;1;63639920
e;kgen_kernel;1;63686487
e;kgen_kernel;1;63623153
e;kgen_kernel;1;63609547
e;kgen_kernel;1;63593646
e;kgen_kernel;1;63666587
e;kgen_kernel;1;63746920
e;kgen_kernel;1;64004367
e;kgen_kernel;1;63938720
e;kgen_kernel;1;63866590
e;kgen_kernel;1;63764253
e;kgen_kernel;1;63775906
e;kgen_kernel;1;63768413
e;kgen_kernel;1;63702967
e;kgen_kernel;1;63807386
e;kgen_kernel;1;63677587
e;kgen_kernel;1;63781414
e;kgen_kernel;1;63707733
e;kgen_kernel;1;63750453
e;kgen_kernel;1;63643003
e;kgen_kernel;1;63629484
e;kgen_kernel;1;63696897
e;kgen_kernel;1;63622713
e;kgen_kernel;1;63651780
e;kgen_kernel;1;63641600
e;kgen_kernel;1;63688506
e;kgen_kernel;1;63740473
